<?xml version="1.0" encoding = "UTF-8" standalone="no"?>
<LangV1>

<!-- Script -->
<lang id="startingHI">MSRD-Collect शुरू हो रहा है</lang>
<lang id="notApprovedHI">स्क्रिप्ट निष्पादन को व्यवस्थापक उपयोगकर्ता द्वारा अनुमोदित नहीं किया गया, स्क्रिप्ट बंद हो रहा है।</lang>
<lang id="eulaOKHI">EULA स्वीकृत हो गई, स्क्रिप्ट आगे जारी है</lang>
<lang id="eulaNotOKHI">EULA अस्वीकृत, स्क्रिप्ट बंद हो रहा है।</lang>
<lang id="eulaSilentOKHI">AcceptEula स्विच निर्दिष्ट, जारी रखें</lang>
<lang id="noticeOKHI">नोटिस स्वीकार किया, जारी रखें</lang>
<lang id="noticeSilentOKHI">AcceptNotice स्विच निर्दिष्ट, मौन रूप से जारी रखें</lang>
<lang id="enabledHI">सक्रिय</lang>
<lang id="disabledHI">निष्क्रिय</lang>
<lang id="autoUpdateHI">स्क्रिप्ट लॉन्च पर स्वचालित अपडेट जांच:</lang>
<lang id="playSndHI">ध्वनि बजाएं:</lang>
<lang id="aaModeHI">ऑडियो सहायता मोड:</lang>
<lang id="langChangedHI">प्रदर्शन भाषा बदल दी गई है। MSRD-Collect परिवर्तनों को लागू करने के लिए पुनः शुरू हो रहा है।</lang>
<lang id="localAdminStartHI">आप यह स्क्रिप्ट किसी स्थानीय खाते के अंतर्गत चला रहे हैं. यदि जाँच के लिए डोमेन-संबंधित जानकारी आवश्यक है, तो कृपया सभी प्रासंगिक डेटा प्राप्त करने के लिए डोमेन खाते (व्यवस्थापक विशेषाधिकारों के साथ) का उपयोग करके स्क्रिप्ट चलाएँ.</lang>

<!-- Menus -->
<lang id="FileMenuHI">&amp;फ़ाइल</lang>
<lang id="RunMenuHI">डाटा संग्रहण शुरू करें</lang>
<lang id="UpdateMenuHI">&amp;अपडेट के लिए जांचें</lang>
<lang id="ExitMenuHI">&amp;बाहर निकलें</lang>
<lang id="ViewMenuHI">&amp;देखें</lang>
<lang id="PresetsMenuHI">&amp;प्रीसेट</lang>
<lang id="HideConsoleHI">&amp;कंसोल विंडो दिखाएं</lang>
<lang id="MaximizeWindowHI">शुरू &amp;अधिकतम</lang>
<lang id="AlwaysOnTopHI">&amp;हमेशा ऊपर</lang>
<lang id="SilentModeHI">&amp;साइलेंट मोड</lang>
<lang id="FontSizeHI">फ़ॉन्ट आकार</lang>
<lang id="OutputLocationHI">&amp;आउटपुट स्थान खोलें</lang>
<lang id="LiteModeHI">&amp;लाइट मोड</lang>
<lang id="LiteModeMachineHI">मशीन संदर्भ चुनें</lang>
<lang id="LiteModeRoleHI">मशीन भूमिका चुनें</lang>
<lang id="LiteModeSourceHI">स्रोत मशीन / क्लाइंट</lang>
<lang id="LiteModeSourceTooltipHI">स्रोत मशीन जहां से आप रिमोट डेस्कटॉप क्लाइंट का उपयोग करके अन्य मशीनों से जुड़ते हैं</lang>
<lang id="LiteModeTargetHI">लक्ष्य मशीन / होस्ट</lang>
<lang id="LiteModeTarget2HI">लक्ष्य मशीन / होस्ट (या मध्यवर्ती सर्वर)</lang>
<lang id="LiteModeTargetTooltipHI">लक्ष्य मशीन जिससे आप कनेक्ट करते हैं</lang>
<lang id="LiteModeTargetTooltip2HI">लक्ष्य मशीन जिससे आप कनेक्ट करते हैं या किसी RDS डिप्लॉयमेंट में कोई RDS सर्वर</lang>
<lang id="LiteModeScenariosHI">एक या अधिक संरचनाओं का चयन करें (वैकल्पिक)</lang>
<lang id="LiteModeStartHI">'स्टार्ट' पर क्लिक करें जब तैयार हो</lang>
<lang id="LiteModeAdvancedHI">उन्नत मोड</lang>
<lang id="LiteModeHideConsoleHI">&amp;कंसोल दिखाएं</lang>
<lang id="DiagReportsHI">&amp;नैदानिक रिपोर्ट</lang>
<lang id="ToolsMenuHI">&amp;उपकरण</lang>
<lang id="SetOutputLocationHI">आउटपुट स्थान सेट करें...</lang>
<lang id="SetUserContextHI">उपयोगकर्ता संदर्भ सेट करें...</lang>
<lang id="ConfigDataCollectionHI">डेटा &amp;संग्रहण कॉन्फ़िगर करें...</lang>
<lang id="ConfigDiagHI">&amp;नैदानिकी कॉन्फ़िगर करें...</lang>
<lang id="ConfigSchedTaskHI">निर्धारित कार्य बनाएं...</lang>
<lang id="OpenTaskSchedHI">कार्य अनुसूची खोलें</lang>
<lang id="AutoVerCheckHI">लॉन्च पर अपडेट की जांच करें</lang>
<lang id="PlaySoundsHI">सिस्टम की ध्वनियों का उपयोग करे</lang>
<lang id="AudioAssistModeHI">ऑडियो सहायता मोड</lang>
<lang id="UILangHI">उपयोगकर्ता इंटरफ़ेस भाषा</lang>
<lang id="araHI">अरबी</lang>
<lang id="dutHI">डच</lang>
<lang id="gerHI">जर्मन</lang>
<lang id="engHI">अंग्रेज़ी</lang>
<lang id="hinHI">हिंदी</lang>
<lang id="hunHI">हंगेरी</lang>
<lang id="romHI">रोमानियाई</lang>
<lang id="freHI">फ्रेंच</lang>
<lang id="itaHI">इतालवी</lang>
<lang id="porHI">पुर्तगाली</lang>
<lang id="spaHI">स्पेनिश</lang>
<lang id="jpnHI">जापानी</lang>
<lang id="czeHI">चेक</lang>
<lang id="turHI">तुर्की</lang>
<lang id="chiHI">चीनी</lang>
<lang id="HelpMenuHI">&amp;सहायता</lang>
<lang id="ReadMeHI">&amp;मुझे पढ़ो (अंग्रेज़ी)</lang>
<lang id="WhatsNewHI">&amp;क्या नया है</lang>
<lang id="DownloadMSRDCHI">नवीनतम MSRD-Collect डाउनलोड करें</lang>
<lang id="OtherTsToolsHI">अन्य समस्या निवारण उपकरण</lang>
<lang id="OtherTsToolsPerfInsightsHI">PerfInsights</lang>
<lang id="OtherTsToolsPerfInsights2HI">PerfInsights के बारे में</lang>
<lang id="OtherTsToolsPerfInsights3HI">PerfInsights डाउनलोड करें</lang>
<lang id="OtherTsToolsRDSTracingHI">RDSTracing</lang>
<lang id="OtherTsToolsRDSTracing2HI">RDSTracing डाउनलोड करें</lang>
<lang id="OtherTsToolsSaRAHI">SaRA for Office 365</lang>
<lang id="OtherTsToolsSaRA2HI">SaRA के बारे में Office 365</lang>
<lang id="OtherTsToolsSaRA3HI">Office 365 के लिए SaRA डाउनलोड करें</lang>
<lang id="OtherTsToolsSetupDiagHI">SetupDiag</lang>
<lang id="OtherTsToolsSetupDiag2HI">SetupDiag के बारे में</lang>
<lang id="OtherTsToolsSetupDiag3HI">SetupDiag डाउनलोड करें</lang>
<lang id="OtherTsToolsTSSHI">TSS</lang>
<lang id="OtherTsToolsTSS2HI">TSS के बारे में</lang>
<lang id="OtherTsToolsTSS3HI">TSS डाउनलोड करें</lang>
<lang id="MSDocsHI">&amp;माइक्रोसॉफ्ट डॉक्स</lang>
<lang id="AVDHI">&amp;एज़्यूर वर्चुअल डेस्कटॉप</lang>
<lang id="FSLogixHI">&amp;FSLogix</lang>
<lang id="RDSHI">&amp;रिमोट डेस्कटॉप सेवाएं</lang>
<lang id="365HI">&amp;Windows 365</lang>
<lang id="TechCommunityHI">माइक्रोसॉफ्ट &amp;TechCommunity</lang>
<lang id="TCAVDHI">&amp;एज़्यूर वर्चुअल डेस्कटॉप</lang>
<lang id="TCFSLogixHI">&amp;FSLogix</lang>
<lang id="TC365HI">&amp;Windows 365</lang>
<lang id="AzureMenuHI">A&amp;zure</lang>
<lang id="AzOutageNotificationHI">&amp;आपको प्रभावित करने वाली आउटेज की सूचना प्राप्त करें (Docs)</lang>
<lang id="AzStatusHI">&amp;एज़्यूर स्थिति</lang>
<lang id="AzStatusHistHI">एज़्यूर &amp;स्थिति इतिहास</lang>
<lang id="AzServHealthHI">एज़्यूर सेवा &amp;स्वास्थ्य</lang>
<lang id="AVDExpEstimatorHI">एज़्यूर वर्चुअल डेस्कटॉप अनुभव अनुमानक</lang>
<lang id="FeedbackFormHI">प्रतिक्रिया दें</lang>
<lang id="AboutHI">&amp;के बारे में</lang>
<lang id="contextLabelHI">मशीन संदर्भ</lang>
<lang id="roleLabelHI">मशीन भूमिका</lang>
<lang id="scenarioLabelHI">डेटा संग्रहण संरचनाएं</lang>

<!-- Buttons -->
<lang id="btnSourceHI">स्रोत</lang>
<lang id="btnTargetHI">लक्ष्य</lang>
<lang id="btnAVDHI">AVD</lang>
<lang id="btnRDSHI">RDS</lang>
<lang id="btnW365HI">W365</lang>
<lang id="btnCoreHI">कोर</lang>
<lang id="btnProfilesHI">प्रोफ़ाइल</lang>
<lang id="btnActivationHI">सक्रियण</lang>
<lang id="btnMSRAHI">MSRA</lang>
<lang id="btnSCardHI">SCard</lang>
<lang id="btnIMEHI">IME</lang>
<lang id="btnTeamsHI">टीम्स</lang>
<lang id="btnMSIXAAHI">AppAttach</lang>
<lang id="btnHCIHI">HCI</lang>
<lang id="btnProcDumpHI">DumpPID</lang>
<lang id="btnNetTraceHI">NetTrace</lang>
<lang id="btnDiagOnlyHI">DiagOnly</lang>
<lang id="btnLiveDiagHI">LiveDiag</lang>
<lang id="StartHI">शुरू करें</lang>
<lang id="RunningHI">चल रहा है</lang>
<lang id="FeedbackHI">प्रतिक्रिया</lang>
<lang id="CompLabelHI">कंप्यूटर</lang>

<!-- Button tooltips -->
<lang id="btnTooltipAVDHI">Azure Virtual Desktop संबंधी परिस्थितियों के लिए इस मशीन प्रकार का चयन करें</lang>
<lang id="btnTooltipRDSHI">Remote Desktop Services या सीधे RDP संबंधी परिस्थितियों के लिए इस मशीन प्रकार का चयन करें</lang>
<lang id="btnTooltipW365HI">Windows 365 Cloud PC संबंधी परिस्थितियों के लिए इस मशीन प्रकार का चयन करें</lang>
<lang id="btnTooltipSourceHI">यदि मशीन अन्य मशीनों से दूरस्थ कनेक्शन आरंभ करने के लिए उपयोग की जाती है, तो इस भूमिका प्रकार का चयन करें</lang>
<lang id="btnTooltipTargetHI">यदि मशीन दूरस्थ कनेक्शन के प्राप्तकर्ता की भूमिका में है या यदि इस पर किसी RDS भूमिका की स्थापना की गई है, तो इस भूमिका प्रकार का चयन करें</lang>
<lang id="btnTooltipProfilesHI">'उपयोगकर्ता प्रोफ़ाइल' समस्याओं के निदान के लिए डेटा एकत्र करें</lang>
<lang id="btnTooltipActivationHI">'OS लाइसेंसिंग/सक्रियण' समस्याओं के निदान के लिए डेटा एकत्र करें</lang>
<lang id="btnTooltipMSRAHI">'Remote Assistance' समस्याओं के निदान के लिए डेटा एकत्र करें</lang>
<lang id="btnTooltipSCardHI">'Smart Card' समस्याओं के निदान के लिए डेटा एकत्र करें</lang>
<lang id="btnTooltipIMEHI">'Input Method' समस्याओं के निदान के लिए डेटा एकत्र करें</lang>
<lang id="btnTooltipTeamsHI">'Teams Media Optimization' समस्याओं के निदान के लिए डेटा एकत्र करें (केवल AVD/W365)</lang>
<lang id="btnTooltipMSIXAAHI">'App Attach' समस्याओं के निदान के लिए डेटा एकत्र करें (केवल AVD)</lang>
<lang id="btnTooltipHCIHI">'Azure Stack HCI' समस्याओं के निदान के लिए डेटा एकत्र करें (केवल AVD)</lang>
<lang id="btnTooltipProcDumpHI">मौजूदा प्रक्रिया का प्रक्रिया डंप एकत्र करें</lang>
<lang id="btnTooltipNetTraceHI">नेटवर्क ट्रेस (netsh) एकत्र करें</lang>
<lang id="btnTooltipDiagOnlyHI">केवल नैदानिक रिपोर्ट उत्पन्न करें</lang>
<lang id="btnTooltipLiveDiagHI">Live Diagnostics मोड में प्रवेश करें</lang>
<lang id="btnTooltipFeedbackHI">स्क्रिप्ट के बारे में प्रतिक्रिया देने के लिए MSRD-Collect प्रतिक्रिया फॉर्म खोलें</lang>
<lang id="btnTooltipComputerHI">डेटा एकत्र करने के लिए एक या अधिक कंप्यूटर नाम (NetBIOS या FQDN) दर्ज करें, जो सेमिकोलन से अलग हों</lang>

<!-- Other UI elements -->
<lang id="feedbackLinkHI">आपको यह स्क्रिप्ट कैसी लगी?</lang>
<lang id="ReadyHI">तैयार</lang>
<lang id="checkupdHI">अपडेट की जांच हो रही है। कृपया प्रतीक्षा करें...</lang>
<lang id="collecting1HI">संग्रहित कर रहा है</lang>
<lang id="collecting2HI">डेटा। कृपया प्रतीक्षा करें...</lang>
<lang id="waitHI">कृपया प्रतीक्षा करें...</lang>

<!-- Initial parameters -->
<lang id="initvalues1aHI">स्क्रिप्ट संस्करण</lang>
<lang id="initvalues1bHI">से लॉन्च किया गया:</lang>
<lang id="initvalues1cHI">कमांड लाइन:</lang>
<lang id="initvalues2HI">EULA और नोटिस स्वीकृत</lang>
<lang id="initvalues3HI">आउटपुट स्थान:</lang>
<lang id="initvalues4HI">उपयोगकर्ता संदर्भ:</lang>

<!-- MS Teams -->
<lang id="teamsnoteHI">Teams समस्याओं के निवारण के लिए, यह अनुशंसित है कि पहले ताज़ा Teams Debug Logs उत्पन्न करें।
देखें: https://learn.microsoft.com/en-us/azure/virtual-desktop/troubleshoot-teams#collect-teams-logs

इन डीबग लॉग्स को उत्पन्न करने के लिए, प्रभावित Teams ऐप को खोलें (इस डेटा संग्रहण के लिए वही उपयोगकर्ता खाता/संदर्भ का उपयोग करते हुए) और Teams के भीतर CTRL+ALT+SHIFT+1 दबाएं।
Teams नैदानिक लॉग्स उत्पन्न करेगा जिन्हें इस स्क्रिप्ट द्वारा संग्रहित किया जा सकता है।

यदि आपके पास पहले से ही ये लॉग्स हैं या आपको उनकी आवश्यकता नहीं है, तो 'Retry' का चयन करें जारी रखने के लिए।
अन्यथा 'Cancel' का चयन करें, Teams डीबग लॉग्स उत्पन्न करें और डेटा संग्रहण को फिर से शुरू करें।</lang>

<lang id="teamstitleHI">Teams समस्या निवारण डेटा संग्रहित किया जा रहा है</lang>

<!-- Dumps -->
<lang id="dpidtext1HI">डंप के लिए चल रही प्रक्रिया का चयन करें</lang>
<lang id="dpidtext2HI">एक प्रक्रिया का चयन करें</lang>
<lang id="dpidtext3HI">प्रक्रिया डंप के लिए प्रक्रिया (PID) का चयन किया गया:</lang>
<lang id="dpidtext4HI">कोई PID चयनित नहीं - कोई प्रक्रिया डंप उत्पन्न नहीं होगी</lang>

<!-- Script actions -->
<lang id="rdcmsgHI">डेटा संग्रहण चल रहा है - कृपया प्रतीक्षा करें...</lang>
<lang id="fdcmsgHI">डेटा संग्रहण समाप्त हुआ</lang>
<lang id="rdiagmsgHI">नैदानिकी चल रही है - कृपया प्रतीक्षा करें...</lang>
<lang id="noDiagmsgHI">कोई नैदानिकी जांच चयनित नहीं हैं। नैदानिकी रिपोर्ट उत्पन्न करना छोड़ दें।</lang>
<lang id="selectedParamHI">डेटा संग्रहण/नैदानिकी के लिए चयनित पैरामीटर:</lang>
<lang id="checkmsgHI">जांच रहा है</lang>
<lang id="fdiagmsgHI">नैदानिकी समाप्त हुई</lang>
<lang id="archmsgHI">परिणामों को संग्रहित कर रहा है - कृपया प्रतीक्षा करें!</lang>
<lang id="zipmsgHI">Zip फ़ाइल तैयार है:</lang>
<lang id="ziperrormsgHI">Zip फ़ाइल नहीं बनाई जा सकी। कृपया मैन्युअल रूप से निम्नलिखित के तहत संग्रहित डेटा को संग्रहित करें:</lang>
<lang id="dtmmsgHI">इन परिणामों को Microsoft CSS के साथ साझा करते समय हमेशा एक सुरक्षित फ़ाइल स्थानांतरण उपकरण का उपयोग करें। अपने समर्थन पेशेवर के साथ इस पर चर्चा करें और आपकी कोई भी चिंताएं।</lang>
<lang id="logfoldermsgHI">फ़ोल्डर बन रहा है</lang>
<lang id="logfolderexistmsgHI">पहले से मौजूद है</lang>
<lang id="coremsgHI">कोर ट्रबलशूटिंग डेटा संग्रहित किया जा रहा हैं</lang>
<lang id="profilesmsgHI">उपयोगकर्ता प्रोफ़ाइल ट्रबलशूटिंग डेटा संग्रहित किया जा रहा हैं</lang>
<lang id="msramsgHI">रिमोट असिस्टेंस ट्रबलशूटिंग डेटा संग्रहित किया जा रहा हैं</lang>
<lang id="scardmsgHI">स्मार्ट कार्ड ट्रबलशूटिंग डेटा संग्रहित किया जा रहा हैं</lang>
<lang id="imemsgHI">इनपुट मेथड ट्रबलशूटिंग डेटा संग्रहित किया जा रहा हैं</lang>
<lang id="teamsmsgHI">AVD पर Teams ट्रबलशूटिंग डेटा संग्रहित किया जा रहा हैं</lang>
<lang id="msixaamsgHI">App Attach ट्रबलशूटिंग डेटा संग्रहित किया जा रहा हैं</lang>
<lang id="hcimsgHI">Azure Stack HCI ट्रबलशूटिंग डेटा संग्रहित किया जा रहा हैं</lang>
<lang id="activationmsgHI">OS लाइसेंसिंग/सक्रियण ट्रबलशूटिंग डेटा संग्रहित किया जा रहा हैं</lang>
<lang id="activationmsg2HI">OS सक्रियण लॉग संग्रहित कर रहा है</lang>
<lang id="activationmsg3HI">OS सक्रियण स्थिति संग्रहित कर रहा है</lang>
<lang id="activationmsg4HI">डोमेन से KMS सर्वरों की सूची संग्रहित कर रहा है</lang>
<lang id="errormsgHI">में एक त्रुटि हुई</lang>
<lang id="location1HI">परिणामों को संग्रहित करने के लिए एक स्थान चुनें (डिफ़ॉल्ट है C:\MS_DATA\)</lang>
<lang id="location2HI">आउटपुट स्थान:</lang>
<lang id="context1HI">उपयोगकर्ता संदर्भ सेट करें</lang>
<lang id="context2HI">उस उपयोगकर्ता का नाम दर्ज करें जिसके प्रोफ़ाइल से कुछ डेटा संग्रहित करना है</lang>
<lang id="context3HI">उपयोगकर्ता संदर्भ सेट कर दिया गया है:</lang>
<lang id="selectCollect1HI">डेटा संग्रहण कॉन्फ़िगर करें</lang>
<lang id="selectCollect2HI">डेटा संग्रहण के लिए आइटमों का चयन करने के लिए बाईं तालिका का उपयोग करें, चयनित आइटमों को बाहर करने के लिए दाईं तीर पर क्लिक करें। आइटमों को वापस शामिल करने के लिए, दाईं तालिका से चुनें और बाईं तीर पर क्लिक करें।</lang>
<lang id="selectCollect3HI">डेटा संग्रहित किया गया</lang>
<lang id="selectCollect4HI">डेटा बाहर कर दिया गया</lang>
<lang id="selectDiag1HI">नैदानिकी कॉन्फ़िगर करें</lang>
<lang id="selectDiag2HI">नैदानिकी के लिए आइटमों का चयन करने के लिए बाईं तालिका का उपयोग करें, चयनित आइटमों को बाहर करने के लिए दाईं तीर पर क्लिक करें। आइटमों को वापस शामिल करने के लिए, दाईं तालिका से चुनें और बाईं तीर पर क्लिक करें।</lang>
<lang id="selectDiag3HI">नैदानिकी की गई</lang>
<lang id="selectDiag4HI">नैदानिकी बाहर कर दी गई</lang>

<!-- NetTrace -->
<lang id="netTraceHI">नेटवर्क ट्रेस चल रहा है - कृपया प्रतीक्षा करें...</lang>

<lang id="netTraceNoteHI">समस्या दिखाए।
एक बार समस्या उत्पन्न हो जाने पर, 'OK' बटन दबाकर जितनी जल्दी संभव हो सके ट्रेस को रोक दें।</lang>

<lang id="netTraceNote2HI">समस्या को पुन: उत्पन्न करें और 'Y' कुंजी दबाएं रीप्रो को समाप्त करने के बाद (विंडो फोकस यहां होने पर)</lang>
<lang id="netTraceRunningHI">नेटवर्क ट्रेस चल रहा है</lang>
<lang id="netTraceStoppingHI">नेटवर्क ट्रेस रोक रहा है - कृपया प्रतीक्षा करें (यह कई मिनट तक ले सकता है)...</lang>
<lang id="netTraceFinishedHI">नेटवर्क ट्रेस समाप्त हुआ</lang>

<!-- Settings messages -->
<lang id="conVisibleHI">कंसोल विंडो दिखाई दे रही है</lang>
<lang id="conHiddenHI">कंसोल विंडो छुपी हुई है</lang>
<lang id="openMaximizedHI">स्क्रिप्ट श्रेष्ठ आकार में शुरू होगा</lang>
<lang id="openWindowedHI">स्क्रिप्ट श्रेष्ठ आकार में शुरू नहीं होगी</lang>
<lang id="ontopHI">स्क्रिप्ट विंडो अन्य विंडो के ऊपर रहेगी</lang>
<lang id="ontopNotHI">स्क्रिप्ट विंडो अन्य विंडो के ऊपर नहीं रहेगी</lang>
<lang id="SilentModeOnHI">डेटा संग्रहण के दौरान विस्तृत आउटपुट प्रदर्शित नहीं होगा</lang>
<lang id="SilentModeOffHI">डेटा संग्रहण के दौरान विस्तृत आउटपुट प्रदर्शित होगा</lang>
<lang id="outputNotFoundHI">[चेतावनी] चयनित आउटपुट स्थान नहीं मिला।</lang>
<lang id="outputLoc1HI">वर्तमान आउटपुट स्थान के तहत उपलब्ध नैदानिक रिपोर्टों की सूची को ताजगी देना</lang>
<lang id="outputLoc2HI">[चेतावनी] चयनित आउटपुट स्थान अब मौजूद नहीं है। 'View\Diagnostic Reports' पर क्लिक करके सूची को ताजगी दें और पुनः प्रयास करें।</lang>
<lang id="outputLoc3HI">सूची सफलतापूर्वक ताजगी दी गई।</lang>
<lang id="outputLoc4HI">वर्तमान आउटपुट स्थान के तहत कोई रिपोर्ट नहीं मिली</lang>
<lang id="outputLoc5HI">पहले कुछ नैदानिक रिपोर्टें उत्पन्न करें, इस सूची को भरने के लिए।</lang>
<lang id="outputLoc6HI">वर्तमान आउटपुट स्थान मौजूद नहीं है</lang>

<!-- Azure Environment messages -->
<lang id="azEnvDetectHI">एज़्यूर पर्यावरण का पता लगा रहे हैं...</lang>
<lang id="azEnvDetect2HI">एज़्यूर पर्यावरण का पता लगाया गया</lang>
<lang id="azEnvLabelHI">एज़्यूर पर्यावरण</lang>
<lang id="btnTooltipAzEnvBoxHI">एज़्यूर पर्यावरण का चयन करें जिसमें मशीन तैनात है। एज़्यूर एंडपॉइंट जांच केवल चयनित एज़्यूर पर्यावरण के खिलाफ की जाएगी।</lang>
<lang id="azEnvSelectedHI">चयनित एज़्यूर पर्यावरण</lang>
<lang id="azEnvAllEnforcedHI">सभी ('स्रोत' मशीन भूमिका लागू की गई)</lang>
<lang id="azEnvAllEnforced2HI">आपने मशीन भूमिका 'स्रोत' का चयन किया है। स्रोत मशीनें कई अलग-अलग पर्यावरणों से जुड़ सकती हैं।</lang>
<lang id="azEnvAllEnforced3HI">इसलिए एज़्यूर पर्यावरण को डिफ़ॉल्ट रूप से 'सभी' सेट कर दिया गया है। यदि आप चाहें, तो आप इसे ओवरराइड कर सकते हैं, ड्रॉपडाउन सूची से एक अलग एज़्यूर पर्यावरण को मैन्युअल रूप से फिर से चुनकर।</lang>

<!-- Background jobs -->
<lang id="bgjob1msgHI">एक या अधिक पृष्ठभूमि कार्य अभी भी चल रहे हैं। इनमें से कुछ मिनट तक लग सकते हैं। कृपया प्रतीक्षा करें...</lang>
<lang id="bgjob2msgHI">एक या अधिक पृष्ठभूमि कार्य निर्धारित समय में समाप्त नहीं हो सके। कुछ डेटा गायब हो सकता है।</lang>

<!-- Version check -->
<lang id="vercheck1HI">जांच रहे हैं कि क्या एक नया संस्करण उपलब्ध है (कृपया प्रतीक्षा करें)</lang>
<lang id="vercheck2HI">https://aka.ms/msrd-collect पर एक नया संस्करण उपलब्ध है!</lang>
<lang id="vercheck3HI">एक नया संस्करण उपलब्ध है:</lang>
<lang id="vercheck4HI">अभी आप इसमें हे</lang>
<lang id="vercheck5HI">सर्वश्रेष्ठ परिणामों के लिए, https://aka.ms/MSRD-Collect से नवीनतम संस्करण डाउनलोड करें और उपयोग करें</lang>
<lang id="vercheck5bHI">यदि आप 'हां' का चयन करते हैं, तो एक ब्राउज़र विंडो खुलेगी जो नवीनतम 'MSRD-Collect.zip' फ़ाइल को डाउनलोड करेगी और वर्तमान स्क्रिप्ट बाहर निकल जाएगी। अन्यथा वर्तमान स्क्रिप्ट जैसा है वैसा ही जारी रहेगी।</lang>
<lang id="vercheck6HI">क्या आप अब नया संस्करण डाउनलोड करना चाहते हैं?</lang>

<lang id="vercheck7HI">नवीनतम 'MSRD-Collect.zip' को डाउनलोड करने के लिए डिफ़ॉल्ट ब्राउज़र खोल रहा है https://aka.ms/MSRD-Collect
निकल।
</lang>

<lang id="vercheck8HI">आपने अभी तक नवीनतम संस्करण डाउनलोड करने का निर्णय नहीं लिया है। सर्वश्रेष्ठ परिणामों के लिए, https://aka.ms/MSRD-Collect से नवीनतम संस्करण डाउनलोड करें और उपयोग करें</lang>
<lang id="vercheck9HI">MSRD-Collect संस्करण अद्यतित है</lang>
<lang id="PDvercheck1HI">ProcDump संस्करण अद्यतित है</lang>
<lang id="PsPvercheck1HI">PsPing संस्करण अद्यतित है</lang>
<lang id="selfupdate1HI">यदि आप 'हां' का चयन करते हैं, तो स्क्रिप्ट स्वचालित रूप से अपडेट हो जाएगी। अन्यथा वर्तमान स्क्रिप्ट जैसा है वैसा ही जारी रहेगी।</lang>
<lang id="selfupdate2HI">स्क्रिप्ट स्वयं अपडेट</lang>
<lang id="selfupdate3HI">उपयोगकर्ता द्वारा आरंभ किया गया:</lang>
<lang id="selfupdate4HI">https://aka.ms/MSRD-Collect से नवीनतम रिलीज़ का सुरक्षित डाउनलोड आरंभ कर रहा है (कृपया प्रतीक्षा करें...)</lang>
<lang id="selfupdate5HI">वर्तमान MSRD-Collect कॉन्फ़िग फ़ाइल की एक प्रति सहेज रहा है</lang>
<lang id="selfupdate6HI">फ़ाइलों को निकाल रहा है</lang>
<lang id="selfupdate7HI">पिछले बैकअप से MSRD-Collect कॉन्फ़िग फ़ाइल को पुनर्स्थापित कर रहा है और बैकअप हटा रहा है</lang>
<lang id="selfupdate8HI">अस्थायी डाउनलोड फ़ाइल हटाया जा रहा है</lang>
<lang id="selfupdate9HI">अपडेट सफल हुआ। स्क्रिप्ट पुनः आरंभ किया जा रहा है।</lang>

<!-- How to -->	
<lang id="howtouseHI">उपयोग निर्देश:

	चरण 1: उस संदर्भ/पर्यावरण का चयन करें जिसमें मशीन(ओं) का उपयोग किया जाता है:

		AVD		- Azure Virtual Desktop
		RDS		- Remote Desktop Services या सीधा (non-AVD/non-W365) RDP कनेक्शन
		W365		- Windows 365 Cloud PC

	चरण 2: दिए गए संदर्भ/पर्यावरण में मशीन(ओं) की भूमिका का चयन करें:

		Source		- स्रोत मशीन जहां से आप Remote Desktop client का उपयोग करके अन्य मशीनों से जुड़ते हैं
		Target		- लक्ष्य मशीन जिससे आप कनेक्ट करते हैं या एक सर्वर जिस पर कोई RDS भूमिका स्थापित है

	चरण 3: [वैकल्पिक] यदि आपने 'AVD' या 'W365' का चयन किया है, तो 'Computer(s)' फ़ील्ड में एक या अधिक कंप्यूटर नाम (NetBIOS या FQDN) दर्ज करें जहां से आप डेटा इकट्ठा करना चाहते हैं।
		स्थानीय कंप्यूटर का नाम डिफ़ॉल्ट मान के रूप में उपयोग किया जाता है।
		यदि कई मशीनें निर्दिष्ट की गई हैं, तो उन्हें सेमीकोलन से अलग करें। डेटा प्रत्येक कंप्यूटर से क्रमिक क्रम में इकट्ठा किया जाएगा।
	
डेटा संग्रहण के लिए:
	
	चरण 4a: [वैकल्पिक] उपलब्ध स्थितियों में से एक या अधिक का चयन करें:

		Profiles		- 'User Profiles' समस्याओं के निवारण के लिए डेटा इकट्ठा करें
		Activation	- 'OS Licensing/Activation' समस्याओं के निवारण के लिए डेटा इकट्ठा करें
		MSRA		- 'Remote Assistance' (incl. 'Remote Help') समस्याओं के निवारण के लिए डेटा इकट्ठा करें
		SCard		- 'Smart Card' समस्याओं के निवारण के लिए डेटा इकट्ठा करें
		IME		- 'Input Method' समस्याओं के निवारण के लिए डेटा इकट्ठा करें
		Teams		- 'Teams Media Optimization' समस्याओं के निवारण के लिए डेटा इकट्ठा करें (AVD/W365 केवल)
		AppAttach	- 'App Attach' समस्याओं के निवारण के लिए डेटा इकट्ठा करें (AVD केवल)
		HCI		- 'Azure Stack HCI' समस्याओं के निवारण के लिए डेटा इकट्ठा करें (AVD केवल)
		DumpPID	- मौजूदा प्रक्रिया का Process Dump इकट्ठा करें
		NetTrace	- एक नेटवर्क ट्रेस (netsh) इकट्ठा करें
		DiagOnly	- केवल नैदानिकी रिपोर्ट उत्पन्न करें

	चरण 5a: जब तैयार हो, तो 'Start' बटन पर क्लिक करें। डेटा संग्रहण/नैदानिकी में कई मिनट लग सकते हैं।

लाइव नैदानिकी के लिए:
	
	चरण 4b: 'LiveDiag' विकल्प का चयन करें।

	चरण 5b: वांछित नैदानिकी श्रेणी टैब का चयन करें।

	चरण 6: चयनित टैब के भीतर वांछित बटन पर क्लिक करें ताकि संबंधित नैदानिकी जांच चल सके।</lang>
	
<!-- Live Diag -->
<lang id="liveDiag1HI">डायग्नोस्टिक्स चल रहा है। इसमें कुछ मिनट लग सकते हैं। कृपया प्रतीक्षा करें...</lang>
<lang id="liveDiag2HI">डायग्नोस्टिक्स पूरा हुआ</lang>

<!-- Scheduled Task -->
<lang id="schedTaskCreateHI">नैदानिकी चलाने के लिए अनुसूचित कार्य बनाएं</lang>
<lang id="schedTaskNoteHI">आप इस मशीन पर एक अनुसूचित कार्य बनाने जा रहे हैं, जो MSRD-Collect नैदानिकी चलाएगा और एक MSRD-Diag.html रिपोर्ट उत्पन्न करेगा।`n`nक्या आप जारी रखना चाहते हैं?</lang>
<lang id="schedTaskInfo1HI">निम्नलिखित पैरामीटरों के साथ अनुसूचित कार्य सफलतापूर्वक बनाया गया:</lang>
<lang id="schedTaskInfo2HI">प्रारंभ तिथि:</lang>
<lang id="schedTaskInfo3HI">प्रारंभ समय:</lang>
<lang id="schedTaskInfo4HI">फ़्रीक्वेंसी:</lang>
<lang id="schedTaskInfo5HI">सप्ताह का दिन:</lang>
<lang id="schedTaskInfo6HI">मशीन संदर्भ:</lang>
<lang id="schedTaskInfo7HI">मशीन भूमिका:</lang>
<lang id="schedTaskInfo8HI">स्क्रिप्ट स्थान:</lang>
<lang id="schedTaskInfo9HI">आउटपुट स्थान:</lang>
<lang id="schedTaskInfo10HI">उपयोगकर्ता संदर्भ:</lang>
<lang id="schedTaskInfo11HI">निम्नलिखित पैरामीटरों के साथ अनुसूचित कार्य सफलतापूर्वक बनाया गया:</lang>
<lang id="schedTaskInfo12HI">महीने का सप्ताह:</lang>
<lang id="schedTaskInfo13HI">अज्ञात त्रुटि। कोई अनुसूचित कार्य नहीं बनाया गया है।</lang>
<lang id="schedTaskInfo14HI">कार्रवाई जो की जाएगी:</lang>
<lang id="schedTaskEmpty1HI">आउटपुट स्थान खाली है</lang>
<lang id="schedTaskEmpty2HI">स्क्रिप्ट स्थान खाली है</lang>
<lang id="schedTaskNotFound1HI">आउटपुट स्थान नहीं मिला</lang>
<lang id="schedTaskNotFound2HI">स्क्रिप्ट स्थान नहीं मिला</lang>

<!-- Presets -->
<lang id="presetResetHI">सभी रीसेट करें</lang>
<lang id="presetLoaded1HI">चुना गया प्रीसेट</lang>
<lang id="presetLoaded2HI">डाटा संग्रहण/नैदानिकी शुरू करने के लिए 'स्टार्ट' बटन दबाएं।</lang>
<lang id="presetErrcon1HI">कनेक्ट नहीं कर सकते / प्रारंभिक कनेक्शन के दौरान त्रुटि (स्रोत/क्लाइंट मशीन)</lang>
<lang id="presetErrcon2HI">कनेक्ट नहीं कर सकते / प्रारंभिक कनेक्शन के दौरान त्रुटि (लक्ष्य/होस्ट मशीन)</lang>
<lang id="presetLogon1HI">लॉग इन नहीं कर सकते / प्रमाणीकरण या उपयोगकर्ता प्रोफ़ाइल समस्या (स्रोत/क्लाइंट मशीन)</lang>
<lang id="presetLogon2HI">लॉग इन नहीं कर सकते / प्रमाणीकरण या उपयोगकर्ता प्रोफ़ाइल समस्या (लक्ष्य/होस्ट मशीन)</lang>
<lang id="presetScard1HI">स्मार्ट कार्ड के साथ लॉग इन नहीं कर सकते या सत्र के भीतर स्मार्ट कार्ड का उपयोग करने में समस्याएं (स्रोत/क्लाइंट मशीन)</lang>
<lang id="presetScard2HI">स्मार्ट कार्ड के साथ लॉग इन नहीं कर सकते या सत्र के भीतर स्मार्ट कार्ड का उपयोग करने में समस्याएं (लक्ष्य/होस्ट मशीन)</lang>
<lang id="presetMsixaaHI">App Attach / असाइन किए गए एप्लिकेशन पैकेज का उपयोग करने में समस्याएं (लक्ष्य/होस्ट मशीन)</lang>
<lang id="presetLic1HI">RD 'प्रति डिवाइस' RDS CALs के साथ लाइसेंसिंग समस्याएं है (स्रोत/क्लाइंट मशीन)</lang>
<lang id="presetLic2HI">RD 'प्रति डिवाइस' या 'प्रति उपयोगकर्ता' RDS CALs के साथ लाइसेंसिंग समस्या है (सत्र होस्ट / लाइसेंस सर्वर)</lang>
<lang id="presetLic3HI">RD 'प्रति उपयोगकर्ता' RDS CALs के साथ लाइसेंसिंग समस्या है(सत्र होस्ट / लाइसेंस सर्वर)</lang>
<lang id="presetDiscon1HI">सक्रिय या खाली सत्र अप्रत्याशित रूप से अलग हुआ (स्रोत/क्लाइंट मशीन)</lang>
<lang id="presetDiscon2HI">सक्रिय या खाली सत्र अप्रत्याशित रूप से अलग हुआ (लक्ष्य/होस्ट मशीन)</lang>
<lang id="presetMSRA1HI">रिमोट असिस्टेंस, क्विक असिस्ट या रिमोट हेल्प समस्याएं (स्रोत/हेल्पर मशीन)</lang>
<lang id="presetMSRA2HI">रिमोट असिस्टेंस, क्विक असिस्ट या रिमोट हेल्प समस्याएं (लक्ष्य/शेयरर मशीन)</lang>

<!-- Remote Mode -->
<lang id="remoteModeHI">स्क्रिप्ट अब रिमोट मोड में है</lang>
<lang id="remoteInvalidCompHI">'कंप्यूटर(ओं)' फ़ील्ड में एक अमान्य कंप्यूटर का नाम है:</lang>
<lang id="remoteReach1HI">निर्दिष्ट कंप्यूटर</lang>
<lang id="remoteReach2HI">पहुंचने योग्य है। डाटा संग्रहण/नैदानिकी जारी रखें।</lang>
<lang id="remoteReach3HI">पहुंचने योग्य नहीं है। कृपया सुनिश्चित करें कि कंप्यूटर का नाम सही है और वह नेटवर्क पर पहुंचने योग्य है। आपको 'फ़ाइल और प्रिंटर शेयरिंग चालू करें' को रिमोट कंप्यूटर पर चालू करने की आवश्यकता हो सकती है, अगर पहले से नहीं किया गया है।</lang>
<lang id="remoteModeNotice1HI">आपने 'कंप्यूटर(ओं)' फ़ील्ड में एक या अधिक मशीनों को निर्दिष्ट किया है जो स्थानीय मशीन से भिन्न है।</lang>
<lang id="remoteModeNotice2HI">स्क्रिप्ट दूरस्थ रूप से डाटा इकट्ठा करने का प्रयास करेगी जिसमें खुद को प्रत्येक निर्दिष्ट मशीन पर C:\MS_DATA\ फ़ोल्डर में कॉपी करके वहां से चलाना शामिल है।</lang>
<lang id="remoteModeNotice3HI">क्या आप जारी रखना चाहते हैं?</lang>
<lang id="remoteModeNotice4HI">यदि आप 'हाँ' चुनते हैं, तो आपको प्रत्येक दूरस्थ मशीनों के लिए अलग-अलग क्रेडेंशियल्स दर्ज करने के लिए संकेत दिया जा सकता है। कृपया दूरस्थ मशीन पर प्रशासनिक अनुमतियों वाले एक खाता प्रदान करें (अगर मशीन डोमेन-जॉइन है तो संभावना स्वरूप डोमेन एडमिन)।</lang>
<lang id="remoteModeNotice5HI">कृपया ध्यान दें कि वर्तमान में, 'डाटा संग्रहण कॉन्फ़िगर करें' या 'नैदानिकी कॉन्फ़िगर करें' विकल्पों में फ़िल्टरिंग के लिए किए गए किसी भी परिवर्तन दूरस्थ डाटा संग्रहण या नैदानिकी पर लागू नहीं होते हैं।</lang>
<lang id="remoteModeRunningHI">रिमोट मोड में चल रहा है - कृपया प्रतीक्षा करें...</lang>
<lang id="localModeHI">स्क्रिप्ट अब स्थानीय मोड में है</lang>
<lang id="popupWarningHI">चेतावनी</lang>
<lang id="remotePSinitLocalCredHI">वर्तमान उपयोगकर्ता की विशेषाधिकारों का उपयोग करके एक दूरस्थ PowerShell सत्र सेट कर रहा है। दूरस्थ कंप्यूटर:</lang>
<lang id="remotePSinitLocalCredSuccessHI">सफलतापूर्वक वर्तमान उपयोगकर्ता की विशेषाधिकारों का उपयोग करके दूरस्थ PSSession बनाया। दूरस्थ कंप्यूटर:</lang>
<lang id="remotePSinitLocalCredFailHI">वर्तमान उपयोगकर्ता की विशेषाधिकारों का उपयोग करके दूरस्थ PSSession बनाने में विफल हुआ। क्रेडेंशियल्स के लिए ससंकेत देकर पुनः प्रयास किया जा रहा है। दूरस्थ कंप्यूटर:</lang>
<lang id="remotePSenterCredHI">दूरस्थ कंप्यूटर के लिए व्यवस्थापक क्रेडेंशियल्स दर्ज करें:</lang>
<lang id="remotePSinitProvCredSuccessHI">प्रदान किए गए क्रेडेंशियल्स का उपयोग करके सफलतापूर्वक दूरस्थ PSSession बनाया। दूरस्थ कंप्यूटर:</lang>
<lang id="remotePScopyHI">स्क्रिप्ट फ़ाइलों को C:\MS_DATA\ पर कॉपी कर रहा है:</lang>
<lang id="remotePScopyExistsHI">पहले से मौजूद है। मौजूदा स्क्रिप्ट फ़ाइलों की जांच कर रहा है और आवश्यकतानुसार अपडेट कर रहा है। दूरस्थ कंप्यूटर:</lang>
<lang id="remotePSlaunch1HI">दूरस्थ PSSession में MSRD-Collect लॉन्च कर रहा है</lang>
<lang id="remotePScompleteHI">दूरस्थ डाटा संग्रहण/नैदानिकी पूरी हुई। दूरस्थ PSSession को हटाया जा रहा हैं</lang>

<!-- User Context -->
<lang id="userCon1HI">निर्दिष्ट उपयोगकर्ता के लिए डिफ़ॉल्ट उपयोगकर्ता प्रोफ़ाइल स्थान के तहत कोई स्थानीय प्रोफ़ाइल नहीं मिला:</lang>
<lang id="userCon2HI">उपयोगकर्ता संदर्भ को पुनः सेट किया गया है:</lang>

<!-- avdnettest -->
<lang id="avdnettestNotFoundHI">avdnettest.exe नहीं मिल सका। AVD की उपलब्धता के लिए RDP Shortpath की जानकारी अधूरी होगी। सुनिश्चित करें कि आप MSRD-Collect या TSS के पूरे पैकेज को डाउनलोड और अनपैक करते हैं</lang>

<!-- MSRDC -->
<lang id="msrdcNoticeHI">AVD Windows Desktop क्लाइंट (MSRDC) वर्तमान में इस मशीन पर चल रहा है।
विंडोज डेस्कटॉप क्लाइंट-विशिष्ट ETL ट्रेस(ट्रेसेस) को कैप्चर करने के लिए, MSRDC.exe प्रक्रिया को बंद करना आवश्यक है।

क्या आप अब MSRDC.exe को बंद करना चाहते हैं?

यदि आप 'हां' चुनते हैं, तो MSRDC.exe प्रक्रिया समाप्त हो जाएगी, सभी आउटगोइंग MSRDC कनेक्शन्स को डिस्कनेक्ट करेगी और स्क्रिप्ट डेटा संग्रहण के साथ जारी रखेगी।

यदि आप 'नहीं' चुनते हैं, तो MSRDC.exe प्रक्रिया बनी रहेगी, और स्क्रिप्ट डेटा संग्रहण के साथ जारी रखेगी, लेकिन सबसे हाल ही की ETL ट्रेस(ट्रेसेस) को संग्रहित नहीं कर पाएगी।</lang>

<lang id="msrdcClosedHI">MSRDC.exe को बंद कर दिया गया है। स्क्रिप्ट जारी रखने से पहले 20 सेकंड इंतजार करेगी, ताकि नवीनतम RD क्लाइंट ETL ट्रेस डेटा को सहेजने का समय मिल सके।</lang>
<lang id="msrdcNotClosedHI">MSRDC.exe को बंद नहीं किया गया है। सबसे हाल ही का RD क्लाइंट ETL ट्रेस डेटा समस्या निवारण के लिए उपलब्ध नहीं होगा! डेटा संग्रहण जारी रखें।</lang>
<lang id="msrdcTitleHI">जारी रखने से पहले</lang>

</LangV1>