<?xml version="1.0" encoding = "utf-8" standalone="no"?>
<ErrV1>

<err n='0x00240001' name='WU_S_SERVICE_STOP'>Windows Update Agent was stopped successfully.</err>
<err n='0x00240002' name='WU_S_SELFUPDATE'>Windows Update Agent updated itself.</err>
<err n='0x00240003' name='WU_S_UPDATE_ERROR'>Operation completed successfully but there were errors applying the updates.</err>
<err n='0x00240004' name='WU_S_MARKED_FOR_DISCONNECT'>A callback was marked to be disconnected later because the request to disconnect the operation came while a callback was executing.</err>
<err n='0x00240005' name='WU_S_REBOOT_REQUIRED'>The system must be restarted to complete installation of the update.</err>
<err n='0x00240006' name='WU_S_ALREADY_INSTALLED'>The update to be installed is already installed on the system.</err>
<err n='0x00240007' name='WU_S_ALREADY_UNINSTALLED'>The update to be removed is not installed on the system.</err>
<err n='0x00240008' name='WU_S_ALREADY_DOWNLOADED'>The update to be downloaded has already been downloaded.</err>
<err n='0x80240001' name='WU_E_NO_SERVICE'>Windows Update Agent was unable to provide the service.</err>
<err n='0x80240002' name='WU_E_MAX_CAPACITY_REACHED'>The maximum capacity of the service was exceeded.</err>
<err n='0x80240003' name='WU_E_UNKNOWN_ID'>An ID cannot be found.</err>
<err n='0x80240004' name='WU_E_NOT_INITIALIZED'>The object could not be initialized.</err>
<err n='0x80240005' name='WU_E_RANGEOVERLAP'>The update handler requested a byte range overlapping a previously requested range.</err>
<err n='0x80240006' name='WU_E_TOOMANYRANGES'>The requested number of byte ranges exceeds the maximum number (2^31 - 1).</err>
<err n='0x80240007' name='WU_E_INVALIDINDEX'>The index to a collection was invalid.</err>
<err n='0x80240008' name='WU_E_ITEMNOTFOUND'>The key for the item queried could not be found.</err>
<err n='0x80240009' name='WU_E_OPERATIONINPROGRESS'>Another conflicting operation was in progress. Some operations such as installation cannot be performed twice simultaneously.</err>
<err n='0x8024000a' name='WU_E_COULDNOTCANCEL'>Cancellation of the operation was not allowed.</err>
<err n='0x8024000b' name='WU_E_CALL_CANCELLED'>Operation was cancelled.</err>
<err n='0x8024000c' name='WU_E_NOOP'>No operation was required.</err>
<err n='0x8024000d' name='WU_E_XML_MISSINGDATA'>Windows Update Agent could not find required information in the update&apos;s XML data.</err>
<err n='0x8024000e' name='WU_E_XML_INVALID'>Windows Update Agent found invalid information in the update&apos;s XML data.</err>
<err n='0x8024000f' name='WU_E_CYCLE_DETECTED'>Circular update relationships were detected in the metadata.</err>
<err n='0x80240010' name='WU_E_TOO_DEEP_RELATION'>Update relationships too deep to evaluate were evaluated.</err>
<err n='0x80240011' name='WU_E_INVALID_RELATIONSHIP'>An invalid update relationship was detected.</err>
<err n='0x80240012' name='WU_E_REG_VALUE_INVALID'>An invalid registry value was read.</err>
<err n='0x80240013' name='WU_E_DUPLICATE_ITEM'>Operation tried to add a duplicate item to a list.</err>
<err n='0x80240016' name='WU_E_INSTALL_NOT_ALLOWED'>Operation tried to install while another installation was in progress or the system was pending a mandatory restart.</err>
<err n='0x80240017' name='WU_E_NOT_APPLICABLE'>Operation was not performed because there are no applicable updates.</err>
<err n='0x80240018' name='WU_E_NO_USERTOKEN'>Operation failed because a required user token is missing.</err>
<err n='0x80240019' name='WU_E_EXCLUSIVE_INSTALL_CONFLICT'>An exclusive update cannot be installed with other updates at the same time.</err>
<err n='0x8024001a' name='WU_E_POLICY_NOT_SET'>A policy value was not set.</err>
<err n='0x8024001b' name='WU_E_SELFUPDATE_IN_PROGRESS'>The operation could not be performed because the Windows Update Agent is self-updating.</err>
<err n='0x8024001d' name='WU_E_INVALID_UPDATE'>An update contains invalid metadata.</err>
<err n='0x8024001e' name='WU_E_SERVICE_STOP'>Operation did not complete because the service or system was being shut down.</err>
<err n='0x8024001f' name='WU_E_NO_CONNECTION'>Operation did not complete because the network connection was unavailable.</err>
<err n='0x80240020' name='WU_E_NO_INTERACTIVE_USER'>Operation did not complete because there is no logged-on interactive user.</err>
<err n='0x80240021' name='WU_E_TIME_OUT'>Operation did not complete because it timed out.</err>
<err n='0x80240022' name='WU_E_ALL_UPDATES_FAILED'>Operation failed for all the updates.</err>
<err n='0x80240023' name='WU_E_EULAS_DECLINED'>The license terms for all updates were declined.</err>
<err n='0x80240024' name='WU_E_NO_UPDATE'>There are no updates.</err>
<err n='0x80240025' name='WU_E_USER_ACCESS_DISABLED'>Group Policy settings prevented access to Windows Update.</err>
<err n='0x80240026' name='WU_E_INVALID_UPDATE_TYPE'>The type of update is invalid.</err>
<err n='0x80240027' name='WU_E_URL_TOO_LONG'>The URL exceeded the maximum length.</err>
<err n='0x80240028' name='WU_E_UNINSTALL_NOT_ALLOWED'>The update could not be uninstalled because the request did not originate from a WSUS server.</err>
<err n='0x80240029' name='WU_E_INVALID_PRODUCT_LICENSE'>Search may have missed some updates before there is an unlicensed application on the system.</err>
<err n='0x8024002a' name='WU_E_MISSING_HANDLER'>A component required to detect applicable updates was missing.</err>
<err n='0x8024002b' name='WU_E_LEGACYSERVER'>An operation did not complete because it requires a newer version of server.</err>
<err n='0x8024002c' name='WU_E_BIN_SOURCE_ABSENT'>A delta-compressed update could not be installed because it required the source.</err>
<err n='0x8024002d' name='WU_E_SOURCE_ABSENT'>A full-file update could not be installed because it required the source.</err>
<err n='0x8024002e' name='WU_E_WU_DISABLED'>Access to an unmanaged server is not allowed.</err>
<err n='0x8024002f' name='WU_E_CALL_CANCELLED_BY_POLICY'>Operation did not complete because the DisableWindowsUpdateAccess policy was set.</err>
<err n='0x80240030' name='WU_E_INVALID_PROXY_SERVER'>The format of the proxy list was invalid.</err>
<err n='0x80240031' name='WU_E_INVALID_FILE'>The file is in the wrong format.</err>
<err n='0x80240032' name='WU_E_INVALID_CRITERIA'>The search criteria string was invalid.</err>
<err n='0x80240033' name='WU_E_EULA_UNAVAILABLE'>License terms could not be downloaded.</err>
<err n='0x80240034' name='WU_E_DOWNLOAD_FAILED'>Update failed to download.</err>
<err n='0x80240035' name='WU_E_UPDATE_NOT_PROCESSED'>The update was not processed.</err>
<err n='0x80240036' name='WU_E_INVALID_OPERATION'>The object&apos;s current state did not allow the operation.</err>
<err n='0x80240037' name='WU_E_NOT_SUPPORTED'>The functionality for the operation is not supported.</err>
<err n='0x80240038' name='WU_E_WINHTTP_INVALID_FILE'>The downloaded file has an unexpected content type.</err>
<err n='0x80240039' name='WU_E_TOO_MANY_RESYNC'>Agent is asked by server to resync too many times.</err>
<err n='0x80240040' name='WU_E_NO_SERVER_CORE_SUPPORT'>WUA API method does not run on Server Core installation.</err>
<err n='0x80240041' name='WU_E_SYSPREP_IN_PROGRESS'>Service is not available while sysprep is running.</err>
<err n='0x80240042' name='WU_E_UNKNOWN_SERVICE'>The update service is no longer registered with AU.</err>
<err n='0x80240043' name='WU_E_NO_UI_SUPPORT'>There is no support for WUA UI.</err>
<err n='0x80240fff' name='WU_E_UNEXPECTED'>An operation failed due to reasons not covered by another error code.</err>
<err n='0x80241001' name='WU_E_MSI_WRONG_VERSION'>Search may have missed some updates because the Windows Installer is less than version 3.1.</err>
<err n='0x80241002' name='WU_E_MSI_NOT_CONFIGURED'>Search may have missed some updates because the Windows Installer is not configured.</err>
<err n='0x80241003' name='WU_E_MSP_DISABLED'>Search may have missed some updates because policy has disabled Windows Installer patching.</err>
<err n='0x80241004' name='WU_E_MSI_WRONG_APP_CONTEXT'>An update could not be applied because the application is installed per-user.</err>
<err n='0x80241fff' name='WU_E_MSP_UNEXPECTED'>Search may have missed some updates because there was a failure of the Windows Installer.</err>
<err n='0x80244000' name='WU_E_PT_SOAPCLIENT_BASE'>WU_E_PT_SOAPCLIENT_* error codes map to the SOAPCLIENT_ERROR enum of the ATL Server Library.</err>
<err n='0x80244001' name='WU_E_PT_SOAPCLIENT_INITIALIZE'>Same as SOAPCLIENT_INITIALIZE_ERROR - initialization of the SOAP client failed, possibly because of an MSXML installation failure.</err>
<err n='0x80244002' name='WU_E_PT_SOAPCLIENT_OUTOFMEMORY'>Same as SOAPCLIENT_OUTOFMEMORY - SOAP client failed because it ran out of memory.</err>
<err n='0x80244003' name='WU_E_PT_SOAPCLIENT_GENERATE'>Same as SOAPCLIENT_GENERATE_ERROR - SOAP client failed to generate the request.</err>
<err n='0x80244004' name='WU_E_PT_SOAPCLIENT_CONNECT'>Same as SOAPCLIENT_CONNECT_ERROR - SOAP client failed to connect to the server.</err>
<err n='0x80244005' name='WU_E_PT_SOAPCLIENT_SEND'>Same as SOAPCLIENT_SEND_ERROR - SOAP client failed to send a message for reasons of WU_E_WINHTTP_* error codes.</err>
<err n='0x80244006' name='WU_E_PT_SOAPCLIENT_SERVER'>Same as SOAPCLIENT_SERVER_ERROR - SOAP client failed because there was a server error.</err>
<err n='0x80244007' name='WU_E_PT_SOAPCLIENT_SOAPFAULT'>Same as SOAPCLIENT_SOAPFAULT - SOAP client failed because there was a SOAP fault for reasons of WU_E_PT_SOAP_* error codes.</err>
<err n='0x80244008' name='WU_E_PT_SOAPCLIENT_PARSEFAULT'>Same as SOAPCLIENT_PARSEFAULT_ERROR - SOAP client failed to parse a SOAP fault.</err>
<err n='0x80244009' name='WU_E_PT_SOAPCLIENT_READ'>Same as SOAPCLIENT_READ_ERROR - SOAP client failed while reading the response from the server.</err>
<err n='0x8024400a' name='WU_E_PT_SOAPCLIENT_PARSE'>Same as SOAPCLIENT_PARSE_ERROR - SOAP client failed to parse the response from the server.</err>
<err n='0x8024400b' name='WU_E_PT_SOAP_VERSION'>Same as SOAP_E_VERSION_MISMATCH - SOAP client found an unrecognizable namespace for the SOAP envelope.</err>
<err n='0x8024400c' name='WU_E_PT_SOAP_MUST_UNDERSTAND'>Same as SOAP_E_MUST_UNDERSTAND - SOAP client was unable to understand a header.</err>
<err n='0x8024400d' name='WU_E_PT_SOAP_CLIENT'>Same as SOAP_E_CLIENT - SOAP client found the message was malformed; fix before resending.</err>
<err n='0x8024400e' name='WU_E_PT_SOAP_SERVER'>Same as SOAP_E_SERVER - The SOAP message could not be processed due to a server error; resend later.</err>
<err n='0x8024400f' name='WU_E_PT_WMI_ERROR'>There was an unspecified Windows Management Instrumentation (WMI) error.</err>
<err n='0x80244010' name='WU_E_PT_EXCEEDED_MAX_SERVER_TRIPS'>The number of round trips to the server exceeded the maximum limit.</err>
<err n='0x80244011' name='WU_E_PT_SUS_SERVER_NOT_SET'>WUServer policy value is missing in the registry.</err>
<err n='0x80244012' name='WU_E_PT_DOUBLE_INITIALIZATION'>Initialization failed because the object was already initialized.</err>
<err n='0x80244013' name='WU_E_PT_INVALID_COMPUTER_NAME'>The computer name could not be determined.</err>
<err n='0x80244015' name='WU_E_PT_REFRESH_CACHE_REQUIRED'>The reply from the server indicates that the server was changed or the cookie was invalid; refresh the state of the internal cache and retry.</err>
<err n='0x80244016' name='WU_E_PT_HTTP_STATUS_BAD_REQUEST'>Same as HTTP status 400 - the server could not process the request due to invalid syntax.</err>
<err n='0x80244017' name='WU_E_PT_HTTP_STATUS_DENIED'>Same as HTTP status 401 - the requested resource requires user authentication.</err>
<err n='0x80244018' name='WU_E_PT_HTTP_STATUS_FORBIDDEN'>Same as HTTP status 403 - server understood the request, but declined to fulfill it.</err>
<err n='0x80244019' name='WU_E_PT_HTTP_STATUS_NOT_FOUND'>Same as HTTP status 404 - the server cannot find the requested URI (Uniform Resource Identifier).</err>
<err n='0x8024401a' name='WU_E_PT_HTTP_STATUS_BAD_METHOD'>Same as HTTP status 405 - the HTTP method is not allowed.</err>
<err n='0x8024401b' name='WU_E_PT_HTTP_STATUS_PROXY_AUTH_REQ'>Same as HTTP status 407 - proxy authentication is required.</err>
<err n='0x8024401c' name='WU_E_PT_HTTP_STATUS_REQUEST_TIMEOUT'>Same as HTTP status 408 - the server timed out waiting for the request.</err>
<err n='0x8024401d' name='WU_E_PT_HTTP_STATUS_CONFLICT'>Same as HTTP status 409 - the request was not completed due to a conflict with the current state of the resource.</err>
<err n='0x8024401e' name='WU_E_PT_HTTP_STATUS_GONE'>Same as HTTP status 410 - requested resource is no longer available at the server.</err>
<err n='0x8024401f' name='WU_E_PT_HTTP_STATUS_SERVER_ERROR'>Same as HTTP status 500 - an error internal to the server prevented fulfilling the request.</err>
<err n='0x80244020' name='WU_E_PT_HTTP_STATUS_NOT_SUPPORTED'>Same as HTTP status 500 - server does not support the functionality required to fulfill the request.</err>
<err n='0x80244021' name='WU_E_PT_HTTP_STATUS_BAD_GATEWAY'>Same as HTTP status 502 - the server, while acting as a gateway or proxy, received an invalid response from the upstream server it accessed in attempting to fulfill the request.</err>
<err n='0x80244022' name='WU_E_PT_HTTP_STATUS_SERVICE_UNAVAIL'>Same as HTTP status 503 - the service is temporarily overloaded.</err>
<err n='0x80244023' name='WU_E_PT_HTTP_STATUS_GATEWAY_TIMEOUT'>Same as HTTP status 503 - the request was timed out waiting for a gateway.</err>
<err n='0x80244024' name='WU_E_PT_HTTP_STATUS_VERSION_NOT_SUP'>Same as HTTP status 505 - the server does not support the HTTP protocol version used for the request.</err>
<err n='0x80244025' name='WU_E_PT_FILE_LOCATIONS_CHANGED'>Operation failed due to a changed file location; refresh internal state and resend.</err>
<err n='0x80244026' name='WU_E_PT_REGISTRATION_NOT_SUPPORTED'>Operation failed because Windows Update Agent does not support registration with a non-WSUS server.</err>
<err n='0x80244027' name='WU_E_PT_NO_AUTH_PLUGINS_REQUESTED'>The server returned an empty authentication information list.</err>
<err n='0x80244028' name='WU_E_PT_NO_AUTH_COOKIES_CREATED'>Windows Update Agent was unable to create any valid authentication cookies.</err>
<err n='0x80244029' name='WU_E_PT_INVALID_CONFIG_PROP'>A configuration property value was wrong.</err>
<err n='0x8024402a' name='WU_E_PT_CONFIG_PROP_MISSING'>A configuration property value was missing.</err>
<err n='0x8024402b' name='WU_E_PT_HTTP_STATUS_NOT_MAPPED'>The HTTP request could not be completed and the reason did not correspond to any of the WU_E_PT_HTTP_* error codes.</err>
<err n='0x8024402c' name='WU_E_PT_WINHTTP_NAME_NOT_RESOLVED'>Same as ERROR_WINHTTP_NAME_NOT_RESOLVED - the proxy server or target server name cannot be resolved.</err>
<err n='0x8024502d' name='WU_E_PT_SAME_REDIR_ID'>Windows Update Agent failed to download a redirector cabinet file with a new redirectorId value from the server during the recovery.</err>
<err n='0x8024502e' name='WU_E_PT_NO_MANAGED_RECOVER'>A redirector recovery action did not complete because the server is managed.</err>
<err n='0x8024402f' name='WU_E_PT_ECP_SUCCEEDED_WITH_ERRORS'>External cab file processing completed with some errors.</err>
<err n='0x80244030' name='WU_E_PT_ECP_INIT_FAILED'>The external cab processor initialization did not complete.</err>
<err n='0x80244031' name='WU_E_PT_ECP_INVALID_FILE_FORMAT'>The format of a metadata file was invalid.</err>
<err n='0x80244032' name='WU_E_PT_ECP_INVALID_METADATA'>External cab processor found invalid metadata.</err>
<err n='0x80244033' name='WU_E_PT_ECP_FAILURE_TO_EXTRACT_DIGEST'>The file digest could not be extracted from an external cab file.</err>
<err n='0x80244034' name='WU_E_PT_ECP_FAILURE_TO_DECOMPRESS_CAB_FILE'>An external cab file could not be decompressed.</err>
<err n='0x80244035' name='WU_E_PT_ECP_FILE_LOCATION_ERROR'>External cab processor was unable to get file locations.</err>
<err n='0x80244fff' name='WU_E_PT_UNEXPECTED'>A communication error not covered by another WU_E_PT_* error code.</err>
<err n='0x80245001' name='WU_E_REDIRECTOR_LOAD_XML'>The redirector XML document could not be loaded into the DOM class.</err>
<err n='0x80245002' name='WU_E_REDIRECTOR_S_FALSE'>The redirector XML document is missing some required information.</err>
<err n='0x80245003' name='WU_E_REDIRECTOR_ID_SMALLER'>The redirectorId in the downloaded redirector cab is less than in the cached cab.</err>
<err n='0x80245fff' name='WU_E_REDIRECTOR_UNEXPECTED'>The redirector failed for reasons not covered by another WU_E_REDIRECTOR_* error code.</err>
<err n='0x8024c001' name='WU_E_DRV_PRUNED'>A driver was skipped.</err>
<err n='0x8024c002' name='WU_E_DRV_NOPROP_OR_LEGACY'>A property for the driver could not be found. It may not conform with required specifications.</err>
<err n='0x8024c003' name='WU_E_DRV_REG_MISMATCH'>The registry type read for the driver does not match the expected type.</err>
<err n='0x8024c004' name='WU_E_DRV_NO_METADATA'>The driver update is missing metadata.</err>
<err n='0x8024c005' name='WU_E_DRV_MISSING_ATTRIBUTE'>The driver update is missing a required attribute.</err>
<err n='0x8024c006' name='WU_E_DRV_SYNC_FAILED'>Driver synchronization failed.</err>
<err n='0x8024c007' name='WU_E_DRV_NO_PRINTER_CONTENT'>Information required for the synchronization of applicable printers is missing.</err>
<err n='0x8024cfff' name='WU_E_DRV_UNEXPECTED'>A driver error not covered by another WU_E_DRV_* code.</err>
<err n='0x80248000' name='WU_E_DS_SHUTDOWN'>An operation failed because Windows Update Agent is shutting down.</err>
<err n='0x80248001' name='WU_E_DS_INUSE'>An operation failed because the data store was in use.</err>
<err n='0x80248002' name='WU_E_DS_INVALID'>The current and expected states of the data store do not match.</err>
<err n='0x80248003' name='WU_E_DS_TABLEMISSING'>The data store is missing a table.</err>
<err n='0x80248004' name='WU_E_DS_TABLEINCORRECT'>The data store contains a table with unexpected columns.</err>
<err n='0x80248005' name='WU_E_DS_INVALIDTABLENAME'>A table could not be opened because the table is not in the data store.</err>
<err n='0x80248006' name='WU_E_DS_BADVERSION'>The current and expected versions of the data store do not match.</err>
<err n='0x80248007' name='WU_E_DS_NODATA'>The information requested is not in the data store.</err>
<err n='0x80248008' name='WU_E_DS_MISSINGDATA'>The data store is missing required information or has a NULL in a table column that requires a non-null value.</err>
<err n='0x80248009' name='WU_E_DS_MISSINGREF'>The data store is missing required information or has a reference to missing license terms, file, localized property or linked row.</err>
<err n='0x8024800a' name='WU_E_DS_UNKNOWNHANDLER'>The update was not processed because its update handler could not be recognized.</err>
<err n='0x8024800b' name='WU_E_DS_CANTDELETE'>The update was not deleted because it is still referenced by one or more services.</err>
<err n='0x8024800c' name='WU_E_DS_LOCKTIMEOUTEXPIRED'>The data store section could not be locked within the allotted time.</err>
<err n='0x8024800d' name='WU_E_DS_NOCATEGORIES'>The category was not added because it contains no parent categories and is not a top-level category itself.</err>
<err n='0x8024800e' name='WU_E_DS_ROWEXISTS'>The row was not added because an existing row has the same primary key.</err>
<err n='0x8024800f' name='WU_E_DS_STOREFILELOCKED'>The data store could not be initialized because it was locked by another process.</err>
<err n='0x80248010' name='WU_E_DS_CANNOTREGISTER'>The data store is not allowed to be registered with COM in the current process.</err>
<err n='0x80248011' name='WU_E_DS_UNABLETOSTART'>Could not create a data store object in another process.</err>
<err n='0x80248013' name='WU_E_DS_DUPLICATEUPDATEID'>The server sent the same update to the client with two different revision IDs.</err>
<err n='0x80248014' name='WU_E_DS_UNKNOWNSERVICE'>An operation did not complete because the service is not in the data store.</err>
<err n='0x80248015' name='WU_E_DS_SERVICEEXPIRED'>An operation did not complete because the registration of the service has expired.</err>
<err n='0x80248016' name='WU_E_DS_DECLINENOTALLOWED'>A request to hide an update was declined because it is a mandatory update or because it was deployed with a deadline.</err>
<err n='0x80248017' name='WU_E_DS_TABLESESSIONMISMATCH'>A table was not closed because it is not associated with the session.</err>
<err n='0x80248018' name='WU_E_DS_SESSIONLOCKMISMATCH'>A table was not closed because it is not associated with the session.</err>
<err n='0x80248019' name='WU_E_DS_NEEDWINDOWSSERVICE'>A request to remove the Windows Update service or to unregister it with Automatic Updates was declined because it is a built-in service and/or Automatic Updates cannot fall back to another service.</err>
<err n='0x8024801a' name='WU_E_DS_INVALIDOPERATION'>A request was declined because the operation is not allowed.</err>
<err n='0x8024801b' name='WU_E_DS_SCHEMAMISMATCH'>The schema of the current data store and the schema of a table in a backup XML document do not match.</err>
<err n='0x8024801c' name='WU_E_DS_RESETREQUIRED'>The data store requires a session reset; release the session and retry with a new session.</err>
<err n='0x8024801d' name='WU_E_DS_IMPERSONATED'>A data store operation did not complete because it was requested with an impersonated identity.</err>
<err n='0x80248fff' name='WU_E_DS_UNEXPECTED'>A data store error not covered by another WU_E_DS_* code.</err>
<err n='0x80249001' name='WU_E_INVENTORY_PARSEFAILED'>Parsing of the rule file failed.</err>
<err n='0x80249002' name='WU_E_INVENTORY_GET_INVENTORY_TYPE_FAILED'>Failed to get the requested inventory type from the server.</err>
<err n='0x80249003' name='WU_E_INVENTORY_RESULT_UPLOAD_FAILED'>Failed to upload inventory result to the server.</err>
<err n='0x80249004' name='WU_E_INVENTORY_UNEXPECTED'>There was an inventory error not covered by another error code.</err>
<err n='0x80249005' name='WU_E_INVENTORY_WMI_ERROR'>A WMI error occurred when enumerating the instances for a particular class.</err>
<err n='0x8024a000' name='WU_E_AU_NOSERVICE'>Automatic Updates was unable to service incoming requests.</err>
<err n='0x8024a002' name='WU_E_AU_NONLEGACYSERVER'>The old version of the Automatic Updates client has stopped because the WSUS server has been upgraded.</err>
<err n='0x8024a003' name='WU_E_AU_LEGACYCLIENTDISABLED'>The old version of the Automatic Updates client was disabled.</err>
<err n='0x8024a004' name='WU_E_AU_PAUSED'>Automatic Updates was unable to process incoming requests because it was paused.</err>
<err n='0x8024a005' name='WU_E_AU_NO_REGISTERED_SERVICE'>No unmanaged service is registered with AU.</err>
<err n='0x8024afff' name='WU_E_AU_UNEXPECTED'>An Automatic Updates error not covered by another WU_E_AU * code.</err>
<err n='0x80242000' name='WU_E_UH_REMOTEUNAVAILABLE'>A request for a remote update handler could not be completed because no remote process is available.</err>
<err n='0x80242001' name='WU_E_UH_LOCALONLY'>A request for a remote update handler could not be completed because the handler is local only.</err>
<err n='0x80242002' name='WU_E_UH_UNKNOWNHANDLER'>A request for an update handler could not be completed because the handler could not be recognized.</err>
<err n='0x80242003' name='WU_E_UH_REMOTEALREADYACTIVE'>A remote update handler could not be created because one already exists.</err>
<err n='0x80242004' name='WU_E_UH_DOESNOTSUPPORTACTION'>A request for the handler to install (uninstall) an update could not be completed because the update does not support install (uninstall).</err>
<err n='0x80242005' name='WU_E_UH_WRONGHANDLER'>An operation did not complete because the wrong handler was specified.</err>
<err n='0x80242006' name='WU_E_UH_INVALIDMETADATA'>A handler operation could not be completed because the update contains invalid metadata.</err>
<err n='0x80242007' name='WU_E_UH_INSTALLERHUNG'>An operation could not be completed because the installer exceeded the time limit.</err>
<err n='0x80242008' name='WU_E_UH_OPERATIONCANCELLED'>An operation being done by the update handler was cancelled.</err>
<err n='0x80242009' name='WU_E_UH_BADHANDLERXML'>An operation could not be completed because the handler-specific metadata is invalid.</err>
<err n='0x8024200a' name='WU_E_UH_CANREQUIREINPUT'>A request to the handler to install an update could not be completed because the update requires user input.</err>
<err n='0x8024200b' name='WU_E_UH_INSTALLERFAILURE'>The installer failed to install (uninstall) one or more updates.</err>
<err n='0x8024200c' name='WU_E_UH_FALLBACKTOSELFCONTAINED'>The update handler should download self-contained content rather than delta-compressed content for the update.</err>
<err n='0x8024200d' name='WU_E_UH_NEEDANOTHERDOWNLOAD'>The update handler did not install the update because it needs to be downloaded again.</err>
<err n='0x8024200e' name='WU_E_UH_NOTIFYFAILURE'>The update handler failed to send notification of the status of the install (uninstall) operation.</err>
<err n='0x8024200f' name='WU_E_UH_INCONSISTENT_FILE_NAMES'>The file names contained in the update metadata and in the update package are inconsistent.</err>
<err n='0x80242010' name='WU_E_UH_FALLBACKERROR'>The update handler failed to fall back to the self-contained content.</err>
<err n='0x80242011' name='WU_E_UH_TOOMANYDOWNLOADREQUESTS'>The update handler has exceeded the maximum number of download requests.</err>
<err n='0x80242012' name='WU_E_UH_UNEXPECTEDCBSRESPONSE'>The update handler has received an unexpected response from CBS.</err>
<err n='0x80242013' name='WU_E_UH_BADCBSPACKAGEID'>The update metadata contains an invalid CBS package identifier.</err>
<err n='0x80242014' name='WU_E_UH_POSTREBOOTSTILLPENDING'>The post-reboot operation for the update is still in progress.</err>
<err n='0x80242015' name='WU_E_UH_POSTREBOOTRESULTUNKNOWN'>The result of the post-reboot operation for the update could not be determined.</err>
<err n='0x80242016' name='WU_E_UH_POSTREBOOTUNEXPECTEDSTATE'>The state of the update after its post-reboot operation has completed is unexpected.</err>
<err n='0x80242017' name='WU_E_UH_NEW_SERVICING_STACK_REQUIRED'>The OS servicing stack must be updated before this update is downloaded or installed.</err>
<err n='0x80242fff' name='WU_E_UH_UNEXPECTED'>An update handler error not covered by another WU_E_UH_* code.</err>
<err n='0x80246001' name='WU_E_DM_URLNOTAVAILABLE'>A download manager operation could not be completed because the requested file does not have a URL.</err>
<err n='0x80246002' name='WU_E_DM_INCORRECTFILEHASH'>A download manager operation could not be completed because the file digest was not recognized.</err>
<err n='0x80246003' name='WU_E_DM_UNKNOWNALGORITHM'>A download manager operation could not be completed because the file metadata requested an unrecognized hash algorithm.</err>
<err n='0x80246004' name='WU_E_DM_NEEDDOWNLOADREQUEST'>An operation could not be completed because a download request is required from the download handler.</err>
<err n='0x80246005' name='WU_E_DM_NONETWORK'>A download manager operation could not be completed because the network connection was unavailable.</err>
<err n='0x80246006' name='WU_E_DM_WRONGBITSVERSION'>A download manager operation could not be completed because the version of Background Intelligent Transfer Service (BITS) is incompatible.</err>
<err n='0x80246007' name='WU_E_DM_NOTDOWNLOADED'>The update has not been downloaded.</err>
<err n='0x80246008' name='WU_E_DM_FAILTOCONNECTTOBITS'>A download manager operation failed because the download manager was unable to connect the Background Intelligent Transfer Service (BITS).</err>
<err n='0x80246009' name='WU_E_DM_BITSTRANSFERERROR'>A download manager operation failed because there was an unspecified Background Intelligent Transfer Service (BITS) transfer error.</err>
<err n='0x8024600a' name='WU_E_DM_DOWNLOADLOCATIONCHANGED'>A download must be restarted because the location of the source of the download has changed.</err>
<err n='0x8024600b' name='WU_E_DM_CONTENTCHANGED'>A download must be restarted because the update content changed in a new revision.</err>
<err n='0x80246fff' name='WU_E_DM_UNEXPECTED'>There was a download manager error not covered by another WU_E_DM_* error code.</err>
<err n='0x8024d001' name='WU_E_SETUP_INVALID_INFDATA'>Windows Update Agent could not be updated because an INF file contains invalid information.</err>
<err n='0x8024d002' name='WU_E_SETUP_INVALID_IDENTDATA'>Windows Update Agent could not be updated because the wuident.cab file contains invalid information.</err>
<err n='0x8024d003' name='WU_E_SETUP_ALREADY_INITIALIZED'>Windows Update Agent could not be updated because of an internal error that caused setup initialization to be performed twice.</err>
<err n='0x8024d004' name='WU_E_SETUP_NOT_INITIALIZED'>Windows Update Agent could not be updated because setup initialization never completed successfully.</err>
<err n='0x8024d005' name='WU_E_SETUP_SOURCE_VERSION_MISMATCH'>Windows Update Agent could not be updated because the versions specified in the INF do not match the actual source file versions.</err>
<err n='0x8024d006' name='WU_E_SETUP_TARGET_VERSION_GREATER'>Windows Update Agent could not be updated because a WUA file on the target system is newer than the corresponding source file.</err>
<err n='0x8024d007' name='WU_E_SETUP_REGISTRATION_FAILED'>Windows Update Agent could not be updated because regsvr32.exe returned an error.</err>
<err n='0x8024d009' name='WU_E_SETUP_SKIP_UPDATE'>An update to the Windows Update Agent was skipped due to a directive in the wuident.cab file.</err>
<err n='0x8024d00a' name='WU_E_SETUP_UNSUPPORTED_CONFIGURATION'>Windows Update Agent could not be updated because the current system configuration is not supported.</err>
<err n='0x8024d00b' name='WU_E_SETUP_BLOCKED_CONFIGURATION'>Windows Update Agent could not be updated because the system is configured to block the update.</err>
<err n='0x8024d00c' name='WU_E_SETUP_REBOOT_TO_FIX'>Windows Update Agent could not be updated because a restart of the system is required.</err>
<err n='0x8024d00d' name='WU_E_SETUP_ALREADYRUNNING'>Windows Update Agent setup is already running.</err>
<err n='0x8024d00e' name='WU_E_SETUP_REBOOTREQUIRED'>Windows Update Agent setup package requires a reboot to complete installation.</err>
<err n='0x8024d00f' name='WU_E_SETUP_HANDLER_EXEC_FAILURE'>Windows Update Agent could not be updated because the setup handler failed during execution.</err>
<err n='0x8024d010' name='WU_E_SETUP_INVALID_REGISTRY_DATA'>Windows Update Agent could not be updated because the registry contains invalid information.</err>
<err n='0x8024d013' name='WU_E_SETUP_WRONG_SERVER_VERSION'>Windows Update Agent could not be updated because the server does not contain update information for this version.</err>
<err n='0x8024dfff' name='WU_E_SETUP_UNEXPECTED'>Windows Update Agent could not be updated because of an error not covered by another WU_E_SETUP_* error code.</err>
<err n='0x8024e001' name='WU_E_EE_UNKNOWN_EXPRESSION'>An expression evaluator operation could not be completed because an expression was unrecognized.</err>
<err n='0x8024e002' name='WU_E_EE_INVALID_EXPRESSION'>An expression evaluator operation could not be completed because an expression was invalid.</err>
<err n='0x8024e003' name='WU_E_EE_MISSING_METADATA'>An expression evaluator operation could not be completed because an expression contains an incorrect number of metadata nodes.</err>
<err n='0x8024e004' name='WU_E_EE_INVALID_VERSION'>An expression evaluator operation could not be completed because the version of the serialized expression data is invalid.</err>
<err n='0x8024e005' name='WU_E_EE_NOT_INITIALIZED'>The expression evaluator could not be initialized.</err>
<err n='0x8024e006' name='WU_E_EE_INVALID_ATTRIBUTEDATA'>An expression evaluator operation could not be completed because there was an invalid attribute.</err>
<err n='0x8024e007' name='WU_E_EE_CLUSTER_ERROR'>An expression evaluator operation could not be completed because the cluster state of the computer could not be determined.</err>
<err n='0x8024efff' name='WU_E_EE_UNEXPECTED'>There was an expression evaluator error not covered by another WU_E_EE_* error code.</err>
<err n='0x80243001' name='WU_E_INSTALLATION_RESULTS_UNKNOWN_VERSION'>The results of download and installation could not be read from the registry due to an unrecognized data format version.</err>
<err n='0x80243002' name='WU_E_INSTALLATION_RESULTS_INVALID_DATA'>The results of download and installation could not be read from the registry due to an invalid data format.</err>
<err n='0x80243003' name='WU_E_INSTALLATION_RESULTS_NOT_FOUND'>The results of download and installation are not available; the operation may have failed to start.</err>
<err n='0x80243004' name='WU_E_TRAYICON_FAILURE'>A failure occurred when trying to create an icon in the taskbar notification area.</err>
<err n='0x80243ffd' name='WU_E_NON_UI_MODE'>Unable to show UI when in non-UI mode; WU client UI modules may not be installed.</err>
<err n='0x8024043d' name='WU_E_SERVICEPROP_NOTAVAIL'>The requested service property is not available.</err>
<err n='0x80243ffe' name='WU_E_WUCLTUI_UNSUPPORTED_VERSION'>Unsupported version of WU client UI exported functions.</err>
<err n='0x80243fff' name='WU_E_AUCLIENT_UNEXPECTED'>There was a user interface error not covered by another WU_E_AUCLIENT_* error code.</err>
<err n='0x8024f001' name='WU_E_REPORTER_EVENTCACHECORRUPT'>The event cache file was defective.</err>
<err n='0x8024f002' name='WU_E_REPORTER_EVENTNAMESPACEPARSEFAILED'>The XML in the event namespace descriptor could not be parsed.</err>
<err n='0x8024f003' name='WU_E_INVALID_EVENT'>The XML in the event namespace descriptor could not be parsed.</err>
<err n='0x8024f004' name='WU_E_SERVER_BUSY'>The server rejected an event because the server was too busy.</err>
<err n='0x8024ffff' name='WU_E_REPORTER_UNEXPECTED'>There was a reporter error not covered by another error code.</err>
<err n='0x80247001' name='WU_E_OL_INVALID_SCANFILE'>An operation could not be completed because the scan package was invalid.</err>
<err n='0x80247002' name='WU_E_OL_NEWCLIENT_REQUIRED'>An operation could not be completed because the scan package requires a greater version of the Windows Update Agent.</err>
<err n='0x80247fff' name='WU_E_OL_UNEXPECTED'>Search using the scan package failed.</err>

</ErrV1>