<?xml version="1.0" encoding="utf-8"?>
<LayoutModificationTemplate
	xmlns="http://schemas.microsoft.com/Start/2014/LayoutModification"
	xmlns:defaultlayout="http://schemas.microsoft.com/Start/2014/FullDefaultLayout"
	xmlns:start="http://schemas.microsoft.com/Start/2014/StartLayout"
	xmlns:taskbar="http://schemas.microsoft.com/Start/2014/TaskbarLayout"
 	Version="1">
  <LayoutOptions StartTileGroupCellWidth="6" />
  <DefaultLayoutOverride>
    <StartLayoutCollection>
      <defaultlayout:StartLayout GroupCellWidth="6">
        <start:Group Name="Explore">
          <start:DesktopApplicationTile Size="2x2" Column="0" Row="0" DesktopApplicationID="MSEdge" />
          <start:DesktopApplicationTile Size="2x2" Column="2" Row="0" DesktopApplicationID="Microsoft.Windows.Explorer" />
          <start:DesktopApplicationTile Size="2x2" Column="4" Row="0" DesktopApplicationID="Microsoft.SkyDrive.Desktop" />
        </start:Group>
      </defaultlayout:StartLayout>
    </StartLayoutCollection>
  </DefaultLayoutOverride>
  <CustomTaskbarLayoutCollection>
    <defaultlayout:TaskbarLayout>
      <taskbar:TaskbarPinList>
	<taskbar:DesktopApp DesktopApplicationID="Microsoft.Windows.Explorer" />
        <taskbar:DesktopApp DesktopApplicationID="MSEdge" />
      </taskbar:TaskbarPinList>
    </defaultlayout:TaskbarLayout>
  </CustomTaskbarLayoutCollection>
</LayoutModificationTemplate>